代码,    名称
SZ002081,金 螳 螂
SZ002172,澳洋健康
SZ002235,安妮股份
SZ002248,华东数控
SZ002329,皇氏集团
SZ002436,兴森科技
SZ002437,誉衡药业
SZ002628,成都路桥
SZ002907,华森制药
SZ003032,传智教育
SZ300189,神农种业
SZ300333,兆日科技
SZ300404,博济医药
SZ300534,陇神戎发
SZ300570,太辰光
SZ300679,电连技术
SZ300684,中石科技
SZ300862,蓝盾光电
SZ301127,武汉天源
SZ301282,金禄电子
SZ301520,万邦医药
SZ301626,苏州天脉
SH600127,金健米业
SH600162,香江控股
SH600186,莲花控股
SH600272,开开实业
SH600721,百花医药
SH600829,人民同泰
SH601700,风范股份
SH601886,江河集团
SH603089,正裕工业
SH603284,林平发展
SH603312,西典新能
SH603703,盛洋科技
SH688003,天准科技
SH688378,奥来德
SH688380,中微半导
SH688503,聚和材料
SH688677,海泰新光
BZ920083,金戈新材
BZ920117,龙鑫智能
BZ920367,新赣江
BZ920826,盖世食品
SZ000620,盈新发展
SZ001260,坤泰股份
SZ002047,宝鹰股份
SZ002385,大北农
SZ002515,金字火腿
SZ002724,海洋王
SZ002747,埃斯顿
SZ002820,桂发祥
SZ002951,金时科技
SZ300243,瑞丰高材
SZ300313,天山生物
SZ300345,华民股份
SZ300598,诚迈科技
SZ300970,华绿生物
SZ301129,瑞纳智能
SZ301516,中远通
SH600165,宁科生物
SH600288,大恒科技
SH600313,农发种业
SH600353,旭光电子
SH600354,敦煌种业
SH600613,神奇制药
SH603102,百合股份
SH603118,共进股份
SH603330,天洋新材
SH603758,秦安股份
SH603887,城地香江
SH603936,博敏电子
SH603958,哈森股份
SH605180,华生科技
SH605286,同力天启
SH688077,大地熊
SH688112,鼎阳科技
SH688152,麒麟信安
SH688485,九州一轨
BZ920087,秋乐种业
BZ920159,农大科技
BZ920403,康农种业
BZ920856,浩淼科技
SZ000020,深华发Ａ
SZ000505,京粮控股
SZ000560,我爱我家
SZ000723,美锦能源
SZ001270,铖昌科技
SZ001301,尚太科技
SZ001400,江顺科技
SZ002041,登海种业
SZ002346,柘中股份
SZ002361,神剑股份
SZ002365,永安药业
SZ002953,日丰股份
SZ300069,金利华电
SZ300503,昊志机电
SZ300911,亿田智能
SZ301106,骏成科技
SZ301130,西点药业
SZ301211,亨迪药业
SZ301529,福赛科技
SH600172,黄河旋风
SH600371,万向德农
SH600683,京投发展
SH600722,金牛化工
SH601011,宝泰隆
SH601015,陕西黑猫
SH603113,金能科技
SH603186,华正新材
SH603319,美湖股份
SH603395,红四方
SH603580,艾艾精工
SH603608,天创时尚
SH603790,雅运股份
SH603801,志邦家居
SH605598,上海港湾
SH688141,杰华特
SH688218,江苏北人
SH688585,上纬新材
SZ000523,红棉股份
SZ000703,恒逸石化
SZ001277,速达股份
SZ001366,播恩集团
SZ002333,罗普斯金
SZ002412,汉森制药
SZ002491,通鼎互联
SZ002552,宝鼎科技
SZ002900,哈三联
SZ300009,安科生物
SZ300109,新开源
SZ300363,博腾股份
SZ300601,康泰生物
SZ300765,石药创新
SH600327,大东方
SH600367,红星发展
SH600539,狮头股份
SH600649,城投控股
SH603221,爱丽家居
SH605179,一鸣食品
SH688114,华大智造
SH688137,近岸蛋白
SH688185,康希诺
SH688276,百克生物
SH688433,华曙高科
SH688617,惠泰医疗
BZ920344,三元基因
SZ000017,深中华A
SZ000603,盛达资源
SZ000931,中 关 村
SZ002038,双鹭药业
SZ002396,星网锐捷
SZ002716,湖南白银
SZ002903,宇环数控
SZ003031,中瓷电子
SZ300016,北陆药业
SZ300142,沃森生物
SZ300615,欣天科技
SZ300839,博汇股份
SZ301591,肯特股份
SH600110,诺德股份
SH600227,赤天化
SH600547,山东黄金
SH600664,哈药股份
SH600785,新华百货
SH603333,福华尚纬
SH603538,美诺华
SH603626,科森科技
SH603823,百合花
SH688328,深科达
SH688356,键凯科技
SZ000065,北方国际
SZ000506,招金黄金
SZ000628,高新发展
SZ001257,盛龙股份
SZ002017,东信和平
SZ002104,恒宝股份
SZ002580,圣阳股份
SZ003040,楚天龙
SZ300097,智云股份
SZ300139,晓程科技
SZ300864,南大环境
SZ301152,天力锂能
SZ301216,万凯新材
SZ301598,博科测试
SH600508,上海能源
SH600610,中毅达
SH600769,祥龙电业
SH601212,白银有色
SH603156,养元饮品
SH603382,海阳科技
SH603657,春光科技
SH688419,耐科装备
SZ000688,国城矿业
SZ002084,海鸥住工
SZ002132,恒星科技
SZ002445,中南文化
SZ002536,飞龙股份
SZ002636,金安国纪
SZ002703,浙江世宝
SZ002821,凯莱英
SZ002837,英维克
SZ300542,新晨科技
SZ300642,透景生命
SZ300922,天秦装备
SH600103,青山纸业
SH600487,亨通光电
SH601069,西部黄金
SH601869,长飞光纤
SH603565,中谷物流
SH603912,佳力图
SH688169,石头科技
BZ920206,彩客科技
SZ000428,华天酒店
SZ000997,新 大 陆
SZ001258,立新能源
SZ001268,联合精密
SZ002015,协鑫能科
SZ002094,青岛金王
SZ002418,康盛股份
SZ002742,冀衡医药
SZ002855,捷荣技术
SZ002949,华阳国际
SZ002963,豪尔赛
SZ300647,超频三
SZ301177,迪阿股份
SZ301630,同宇新材
SH600468,百利电气
SH600984,建设机械
SH603106,恒银科技
SH603800,洪田股份
SZ000890,法尔胜
SZ000962,东方钽业
SZ001309,德明利
SZ002947,恒铭达
SZ300456,赛微电子
SZ301399,英特科技
SH600479,千金药业
SH600540,新赛股份
SH600969,郴电国际
SH603618,杭电股份
SH603839,安正时尚
SH603955,大千生态
SH688091,上海谊众
SH688300,联瑞新材
SH688368,晶丰明源
SH688790,昂瑞微-UW
BZ920895,花溪科技
SZ000062,深圳华强
SZ000712,锦龙股份
SZ002072,凯瑞德
SZ002886,沃特股份
SZ002942,新农股份
SZ300378,鼎捷数智
SH600378,昊华科技
SH600654,中安科
SH600691,潞化科技
SH600815,厦工股份
SH603086,先达股份
SH603261,立航科技
SH603396,金辰股份
SH603725,天安新材
SH603950,长源东谷
SH688209,英集芯
BZ920469,富恒新材
